{"cameraMode":{"drawMode":0,"name":"Shaded","section":"Shading Mode"},"sceneLighting":true,"audioPlay":false,"sceneViewState":{"m_AlwaysRefresh":false,"showFog":true,"showSkybox":true,"showFlares":true,"showImageEffects":true,"showParticleSystems":true,"showVisualEffectGraphs":true,"m_FxEnabled":true},"in2DMode":false,"pivot":{"x":1.3865470886230469,"y":-0.9094586372375488,"z":-0.24112309515476228},"rotation":{"x":-0.14676588773727418,"y":0.012460235506296158,"z":-0.0018487214110791684,"w":-0.9890927076339722},"size":8.836170196533204,"orthographic":false}