{"cameraMode":{"drawMode":0,"name":"Shaded","section":"Shading Mode"},"sceneLighting":true,"audioPlay":false,"sceneViewState":{"m_AlwaysRefresh":false,"showFog":true,"showSkybox":true,"showFlares":true,"showImageEffects":true,"showParticleSystems":true,"showVisualEffectGraphs":true,"m_FxEnabled":true},"in2DMode":false,"pivot":{"x":758.0680541992188,"y":1376.3323974609375,"z":-40.919158935546878},"rotation":{"x":-0.036300621926784518,"y":-0.00689861923456192,"z":0.0002507931203581393,"w":-0.9993190765380859},"size":1356.3714599609375,"orthographic":true}